-- phpMyAdmin SQL Dump
-- version 5.2.0
-- https://www.phpmyadmin.net/
--
-- Host: 127.0.0.1
-- Generation Time: Dec 15, 2022 at 11:32 AM
-- Server version: 10.4.27-MariaDB
-- PHP Version: 7.4.33

SET SQL_MODE = "NO_AUTO_VALUE_ON_ZERO";
START TRANSACTION;
SET time_zone = "+00:00";


/*!40101 SET @OLD_CHARACTER_SET_CLIENT=@@CHARACTER_SET_CLIENT */;
/*!40101 SET @OLD_CHARACTER_SET_RESULTS=@@CHARACTER_SET_RESULTS */;
/*!40101 SET @OLD_COLLATION_CONNECTION=@@COLLATION_CONNECTION */;
/*!40101 SET NAMES utf8mb4 */;

--
-- Database: `toko-ikan`
--

-- --------------------------------------------------------

--
-- Table structure for table `ci_sessions`
--

CREATE TABLE `ci_sessions` (
  `id` varchar(128) NOT NULL,
  `ip_address` varchar(45) NOT NULL,
  `timestamp` int(10) UNSIGNED NOT NULL DEFAULT 0,
  `data` blob NOT NULL
) ENGINE=InnoDB DEFAULT CHARSET=utf8mb4 COLLATE=utf8mb4_general_ci;

--
-- Dumping data for table `ci_sessions`
--

INSERT INTO `ci_sessions` (`id`, `ip_address`, `timestamp`, `data`) VALUES
('tgnq729fijkv43vbe1volkpanj3tgdbm', '::1', 1670766432, 0x5f5f63695f6c6173745f726567656e65726174657c693a313637303736363433323b7265646972656374696f6e7c4e3b5f5f4143544956455f53455353494f4e5f444154417c733a3235363a2235663533303934346631396235633838323566333333393438613833626235643831393538623536626335636261363766333235303238343237336465353032363162653234333063313133356362666235383235393536373834303963333830653533383064303363343566313966616639626135313034663132333931354e73356b5843782f597a51677a2b3656656171326b385678327678434b68514b6f6e534f36714a674f472b73756979724d7466466d452f4263796d55715978653067424e74517457327642696f744d7674335a5a6b676461796246756d526c4a3258344c5170377237372b5047436e347955584549777676775558622b792b54223b),
('h6noc4vclpttv35359manbfqhn2om0be', '::1', 1670769700, 0x5f5f63695f6c6173745f726567656e65726174657c693a313637303736393730303b7265646972656374696f6e7c4e3b5f5f4143544956455f53455353494f4e5f444154417c733a3235363a2235663533303934346631396235633838323566333333393438613833626235643831393538623536626335636261363766333235303238343237336465353032363162653234333063313133356362666235383235393536373834303963333830653533383064303363343566313966616639626135313034663132333931354e73356b5843782f597a51677a2b3656656171326b385678327678434b68514b6f6e534f36714a674f472b73756979724d7466466d452f4263796d55715978653067424e74517457327642696f744d7674335a5a6b676461796246756d526c4a3258344c5170377237372b5047436e347955584549777676775558622b792b54223b),
('1agfr7hcjripsc8ce12c3s0vqefru838', '::1', 1670770056, 0x5f5f63695f6c6173745f726567656e65726174657c693a313637303737303035363b7265646972656374696f6e7c4e3b5f5f4143544956455f53455353494f4e5f444154417c733a3235363a2235663533303934346631396235633838323566333333393438613833626235643831393538623536626335636261363766333235303238343237336465353032363162653234333063313133356362666235383235393536373834303963333830653533383064303363343566313966616639626135313034663132333931354e73356b5843782f597a51677a2b3656656171326b385678327678434b68514b6f6e534f36714a674f472b73756979724d7466466d452f4263796d55715978653067424e74517457327642696f744d7674335a5a6b676461796246756d526c4a3258344c5170377237372b5047436e347955584549777676775558622b792b54223b),
('25olej96kedgdj45auejc25ks5hrvc9o', '::1', 1670770427, 0x5f5f63695f6c6173745f726567656e65726174657c693a313637303737303432373b7265646972656374696f6e7c4e3b5f5f4143544956455f53455353494f4e5f444154417c733a3235363a2235663533303934346631396235633838323566333333393438613833626235643831393538623536626335636261363766333235303238343237336465353032363162653234333063313133356362666235383235393536373834303963333830653533383064303363343566313966616639626135313034663132333931354e73356b5843782f597a51677a2b3656656171326b385678327678434b68514b6f6e534f36714a674f472b73756979724d7466466d452f4263796d55715978653067424e74517457327642696f744d7674335a5a6b676461796246756d526c4a3258344c5170377237372b5047436e347955584549777676775558622b792b54223b),
('82iasotmvnlp1pmpq5regqvr9acjglah', '::1', 1670770759, 0x5f5f63695f6c6173745f726567656e65726174657c693a313637303737303735393b7265646972656374696f6e7c4e3b5f5f4143544956455f53455353494f4e5f444154417c733a3235363a223134616137623535663066616166393036653930343566323833636139373463343238633262323932303164313934343432306565323864396261666335323866313031303738393135356238323933366536363865393935373630616465616634636664616638316334333366313139316662346531613565356635306264724d4d43635875344d734c7433496f3171326d457a6c38665057724f5a504778726265684b35703971664b6942716d466c33522b6635792f49414b302f68523945634944774e4a68614437663572696f57305938654d2f317a2f712b61666d42565a64434b782b6677554231707168547444684f6d58376865646e6d4a4c2b53223b),
('v1mihq48semqk5t2c7juoba2vgjh2j3o', '::1', 1670771413, 0x5f5f63695f6c6173745f726567656e65726174657c693a313637303737313431333b7265646972656374696f6e7c4e3b5f5f4143544956455f53455353494f4e5f444154417c733a3235363a226661323334326563643032643131373661666164623439366338643939646232383235623262623963656435623039333637626438393737313565636664323062356438303738666638353764336534623931306430363966383038343437613132663164346462666463303031623435623765353763653636386663323839346544326c65326f3779304f2f767464583152316163322f454c4a69445a4c695330504a6754714844676c73526274736276683459337248536b6670712f4a35504c4c4672524b6f69626a7037754759457a584a327670576e6f764b79674e5346642f6942793062622f5653364a716279444779426d7856643646706a487064223b),
('bktjhcb2q64olbh1eb6cpsp53427u4f3', '::1', 1670771340, 0x5f5f63695f6c6173745f726567656e65726174657c693a313637303737313334303b7265646972656374696f6e7c4e3b5f5f4143544956455f53455353494f4e5f444154417c733a3235363a2263373234386164383365336533303335663062353538366639306465626362336364616632613662393839353761626562393135616663316338366434393335653166633630393665633431333961646636326166666632636463366631323737323262303838353839663435653932356230306334616234356237326465614845414e614d6949723479723979574a2f687a657355626d426f4c4e433765426d6a32354a6c7233694c7a436274653337582f48427074575667564b5a3470763232346953382f424b61337541495564676b52564f68492f54505353514471437758637470664a4f7375446b324531746e6958356b6645334751545071576f66223b),
('0o5ng7ho2pehuphfkueluril6ufrftrh', '::1', 1670771398, 0x5f5f63695f6c6173745f726567656e65726174657c693a313637303737313334303b7265646972656374696f6e7c4e3b6c6f67696e5f666c6173687c733a31363a22426572686173696c206c6f676f757421223b5f5f63695f766172737c613a313a7b733a31313a226c6f67696e5f666c617368223b733a333a226f6c64223b7d),
('r3qg7okl7mckvg2eukg1s3dtqirs1bln', '::1', 1670771720, 0x5f5f63695f6c6173745f726567656e65726174657c693a313637303737313732303b7265646972656374696f6e7c4e3b6c6f67696e5f666c6173687c733a31363a22426572686173696c206c6f676f757421223b5f5f63695f766172737c613a313a7b733a31313a226c6f67696e5f666c617368223b733a333a226f6c64223b7d),
('sh0iml2i1esntfp9m8favn50jbpmnbl3', '::1', 1670771742, 0x5f5f63695f6c6173745f726567656e65726174657c693a313637303737313732303b7265646972656374696f6e7c4e3b5f5f4143544956455f53455353494f4e5f444154417c733a3235363a22643832303365323734373261623338363538653061393634346262643863653731356566666338356236643463366137623338323233636265636430396561376239393432313536653165663066393764666164323230653539336366643638336630346139643464386538346637626330333937653339656464656339353857462b4d71554d4e31655648584b38464e55584175714f57485163536961314a6e5a57527247652b4134706e4147324c67396e37443734613261334553386d2b52626f696b372f79386b356d75654a546a787a68697542374d5363765867316342316f41532f6c663953494f4a795a573955553644594666545a536a4e723679223b),
('ge0q040c5rbsuf5fa92hcjks5bdms081', '::1', 1670829863, 0x5f5f63695f6c6173745f726567656e65726174657c693a313637303832393836333b5f5f4143544956455f53455353494f4e5f444154417c733a3235363a2237353636656465383532306166643662353163363165633864323766336134383234633032663363396665393535643164353130376436633132356132666164303762323939626236306433666362366662346539306464646339303464306530383034333832386663613464643632346334656235336335613439656333637044465a62653537526942307a565049625549713146514965724358316d5a37327875677a504e505a476952554f57366f6d5444435534483633643967504f4467674f31544e4542446d4b53564b314664514c687565767a3447383652476e39356b476e586c362b6f57506c5a43366d596a634c574967697a397a564f4d5369223b),
('sm1dnce7ihs14neqc3ukipd5phqdj7qt', '::1', 1670830178, 0x5f5f63695f6c6173745f726567656e65726174657c693a313637303833303137383b5f5f4143544956455f53455353494f4e5f444154417c733a3235363a2237353636656465383532306166643662353163363165633864323766336134383234633032663363396665393535643164353130376436633132356132666164303762323939626236306433666362366662346539306464646339303464306530383034333832386663613464643632346334656235336335613439656333637044465a62653537526942307a565049625549713146514965724358316d5a37327875677a504e505a476952554f57366f6d5444435534483633643967504f4467674f31544e4542446d4b53564b314664514c687565767a3447383652476e39356b476e586c362b6f57506c5a43366d596a634c574967697a397a564f4d5369223b),
('f0tdhq5provn4u7re4je5pgk6mm770mr', '::1', 1670830308, 0x5f5f63695f6c6173745f726567656e65726174657c693a313637303833303137383b5f5f4143544956455f53455353494f4e5f444154417c733a3235363a2237353636656465383532306166643662353163363165633864323766336134383234633032663363396665393535643164353130376436633132356132666164303762323939626236306433666362366662346539306464646339303464306530383034333832386663613464643632346334656235336335613439656333637044465a62653537526942307a565049625549713146514965724358316d5a37327875677a504e505a476952554f57366f6d5444435534483633643967504f4467674f31544e4542446d4b53564b314664514c687565767a3447383652476e39356b476e586c362b6f57506c5a43366d596a634c574967697a397a564f4d5369223b),
('o0195vshmd01bjkrugurh0alhggtg4lm', '::1', 1670995530, 0x5f5f63695f6c6173745f726567656e65726174657c693a313637303939353533303b7265646972656374696f6e7c733a37363a226148523063446f764c327876593246736147397a644339695a58523059575a706332686663335276636d5576595752746157347663484a765a48566a64484d76646d6c6c647938784e513d3d223b),
('skpi09q9n9u3b26m4dtpgim0enai4haa', '::1', 1671000382, 0x5f5f63695f6c6173745f726567656e65726174657c693a313637313030303338323b7265646972656374696f6e7c733a37363a226148523063446f764c327876593246736147397a644339695a58523059575a706332686663335276636d5576595752746157347663484a765a48566a64484d76646d6c6c647938784e513d3d223b),
('gtogbjqgb80uu7ms2580bmkuktj5qlgk', '::1', 1671001368, 0x5f5f63695f6c6173745f726567656e65726174657c693a313637313030313336383b7265646972656374696f6e7c4e3b5f5f4143544956455f53455353494f4e5f444154417c733a3235363a2237643637636362636337363835313164623439353833363139393830313134613862626364633265323361303032306438396164363165636639313437323364663936333863326132643231356466366531393038343836626465333261666564306561626134666362336164323831663934383438303133303965333636616256746238353469797849376e4844375235667376654f6154535230714f65593044436c3852575066664778536744336635496d2f51734f76504a4a4b306b7a4d46594d4e41364257545a5a647a696457714d4d6248356536465146364d77626458794247424c61676b4d3175715a6165444677393643745850696f4e517555223b),
('hhr6ept35if594dgmm0u0bjdul8o4700', '::1', 1671001669, 0x5f5f63695f6c6173745f726567656e65726174657c693a313637313030313636393b7265646972656374696f6e7c4e3b5f5f4143544956455f53455353494f4e5f444154417c733a3235363a2237643637636362636337363835313164623439353833363139393830313134613862626364633265323361303032306438396164363165636639313437323364663936333863326132643231356466366531393038343836626465333261666564306561626134666362336164323831663934383438303133303965333636616256746238353469797849376e4844375235667376654f6154535230714f65593044436c3852575066664778536744336635496d2f51734f76504a4a4b306b7a4d46594d4e41364257545a5a647a696457714d4d6248356536465146364d77626458794247424c61676b4d3175715a6165444677393643745850696f4e517555223b),
('6f5ahooa9ka4gidev9catgddmt03l6ha', '::1', 1671002057, 0x5f5f63695f6c6173745f726567656e65726174657c693a313637313030323035373b7265646972656374696f6e7c4e3b5f5f4143544956455f53455353494f4e5f444154417c733a3235363a2237643637636362636337363835313164623439353833363139393830313134613862626364633265323361303032306438396164363165636639313437323364663936333863326132643231356466366531393038343836626465333261666564306561626134666362336164323831663934383438303133303965333636616256746238353469797849376e4844375235667376654f6154535230714f65593044436c3852575066664778536744336635496d2f51734f76504a4a4b306b7a4d46594d4e41364257545a5a647a696457714d4d6248356536465146364d77626458794247424c61676b4d3175715a6165444677393643745850696f4e517555223b656469745f70726f647563745f666c6173687c733a32373a2250726f64756b20626572686173696c206469706572626172756921223b5f5f63695f766172737c613a313a7b733a31383a22656469745f70726f647563745f666c617368223b733a333a226f6c64223b7d),
('b50k016f2diijp15ibb810intnntcojd', '::1', 1671002756, 0x5f5f63695f6c6173745f726567656e65726174657c693a313637313030323735363b7265646972656374696f6e7c4e3b5f5f4143544956455f53455353494f4e5f444154417c733a3235363a223030366539353430656261356333663037623838666538323162363735346463643364616334663264623266333539353338366365616431326430623133346362393861653536393366316433336135643434393530386336373062386530383064633161386261376165393463333734333339356661366630346433353663747a6a426c2f5a34692f49545075495a34324d6338794b3862387a2b4937562b3233595369374f4564362b435332304b487a466a713046796a6a58767963443953486b392f594867305559456e4f68536f4259466e7a435376586f6153686850695570784a6f70494f484d4f456f54574b73386c5a7739576a475a564e6e3353223b),
('3domf5t6dp6qvui8j2p1d3ofrfggsgk4', '::1', 1671003063, 0x5f5f63695f6c6173745f726567656e65726174657c693a313637313030333036333b7265646972656374696f6e7c4e3b5f5f4143544956455f53455353494f4e5f444154417c733a3235363a223030366539353430656261356333663037623838666538323162363735346463643364616334663264623266333539353338366365616431326430623133346362393861653536393366316433336135643434393530386336373062386530383064633161386261376165393463333734333339356661366630346433353663747a6a426c2f5a34692f49545075495a34324d6338794b3862387a2b4937562b3233595369374f4564362b435332304b487a466a713046796a6a58767963443953486b392f594867305559456e4f68536f4259466e7a435376586f6153686850695570784a6f70494f484d4f456f54574b73386c5a7739576a475a564e6e3353223b),
('tqjl9jj5uu89l1dcpauvmfng1tmpnc63', '::1', 1671003431, 0x5f5f63695f6c6173745f726567656e65726174657c693a313637313030333433313b7265646972656374696f6e7c4e3b5f5f4143544956455f53455353494f4e5f444154417c733a3235363a223030366539353430656261356333663037623838666538323162363735346463643364616334663264623266333539353338366365616431326430623133346362393861653536393366316433336135643434393530386336373062386530383064633161386261376165393463333734333339356661366630346433353663747a6a426c2f5a34692f49545075495a34324d6338794b3862387a2b4937562b3233595369374f4564362b435332304b487a466a713046796a6a58767963443953486b392f594867305559456e4f68536f4259466e7a435376586f6153686850695570784a6f70494f484d4f456f54574b73386c5a7739576a475a564e6e3353223b),
('irvqcebb0o7ontms0m60lvk3vjpjtuov', '::1', 1671003767, 0x5f5f63695f6c6173745f726567656e65726174657c693a313637313030333736373b7265646972656374696f6e7c4e3b5f5f4143544956455f53455353494f4e5f444154417c733a3235363a223030366539353430656261356333663037623838666538323162363735346463643364616334663264623266333539353338366365616431326430623133346362393861653536393366316433336135643434393530386336373062386530383064633161386261376165393463333734333339356661366630346433353663747a6a426c2f5a34692f49545075495a34324d6338794b3862387a2b4937562b3233595369374f4564362b435332304b487a466a713046796a6a58767963443953486b392f594867305559456e4f68536f4259466e7a435376586f6153686850695570784a6f70494f484d4f456f54574b73386c5a7739576a475a564e6e3353223b),
('5ad5bidjs44r8sij64s48t7i3opgvov1', '::1', 1671004084, 0x5f5f63695f6c6173745f726567656e65726174657c693a313637313030343038343b7265646972656374696f6e7c4e3b5f5f4143544956455f53455353494f4e5f444154417c733a3235363a223030366539353430656261356333663037623838666538323162363735346463643364616334663264623266333539353338366365616431326430623133346362393861653536393366316433336135643434393530386336373062386530383064633161386261376165393463333734333339356661366630346433353663747a6a426c2f5a34692f49545075495a34324d6338794b3862387a2b4937562b3233595369374f4564362b435332304b487a466a713046796a6a58767963443953486b392f594867305559456e4f68536f4259466e7a435376586f6153686850695570784a6f70494f484d4f456f54574b73386c5a7739576a475a564e6e3353223b),
('sr0tv0qnb7237l0ehqnrmv3528j0beao', '::1', 1671004424, 0x5f5f63695f6c6173745f726567656e65726174657c693a313637313030343432343b7265646972656374696f6e7c4e3b5f5f4143544956455f53455353494f4e5f444154417c733a3235363a223030366539353430656261356333663037623838666538323162363735346463643364616334663264623266333539353338366365616431326430623133346362393861653536393366316433336135643434393530386336373062386530383064633161386261376165393463333734333339356661366630346433353663747a6a426c2f5a34692f49545075495a34324d6338794b3862387a2b4937562b3233595369374f4564362b435332304b487a466a713046796a6a58767963443953486b392f594867305559456e4f68536f4259466e7a435376586f6153686850695570784a6f70494f484d4f456f54574b73386c5a7739576a475a564e6e3353223b),
('7nkktfhlocfqjjhq9gvb5smlcbdirski', '::1', 1671004740, 0x5f5f63695f6c6173745f726567656e65726174657c693a313637313030343734303b7265646972656374696f6e7c4e3b5f5f4143544956455f53455353494f4e5f444154417c733a3235363a223030366539353430656261356333663037623838666538323162363735346463643364616334663264623266333539353338366365616431326430623133346362393861653536393366316433336135643434393530386336373062386530383064633161386261376165393463333734333339356661366630346433353663747a6a426c2f5a34692f49545075495a34324d6338794b3862387a2b4937562b3233595369374f4564362b435332304b487a466a713046796a6a58767963443953486b392f594867305559456e4f68536f4259466e7a435376586f6153686850695570784a6f70494f484d4f456f54574b73386c5a7739576a475a564e6e3353223b),
('c6o0sj00dus09k6fed3d8fu0bj9vh96n', '::1', 1671004850, 0x5f5f63695f6c6173745f726567656e65726174657c693a313637313030343734303b7265646972656374696f6e7c4e3b5f5f4143544956455f53455353494f4e5f444154417c733a3235363a223030366539353430656261356333663037623838666538323162363735346463643364616334663264623266333539353338366365616431326430623133346362393861653536393366316433336135643434393530386336373062386530383064633161386261376165393463333734333339356661366630346433353663747a6a426c2f5a34692f49545075495a34324d6338794b3862387a2b4937562b3233595369374f4564362b435332304b487a466a713046796a6a58767963443953486b392f594867305559456e4f68536f4259466e7a435376586f6153686850695570784a6f70494f484d4f456f54574b73386c5a7739576a475a564e6e3353223b);

-- --------------------------------------------------------

--
-- Table structure for table `contacts`
--

CREATE TABLE `contacts` (
  `id` int(10) NOT NULL,
  `parent_id` int(10) DEFAULT NULL,
  `name` varchar(32) NOT NULL,
  `subject` varchar(128) DEFAULT NULL,
  `email` varchar(64) NOT NULL,
  `message` mediumtext NOT NULL,
  `contact_date` datetime DEFAULT NULL,
  `status` tinyint(1) DEFAULT 1,
  `reply_at` datetime DEFAULT NULL
) ENGINE=InnoDB DEFAULT CHARSET=utf8mb4 COLLATE=utf8mb4_general_ci;

--
-- Dumping data for table `contacts`
--

INSERT INTO `contacts` (`id`, `parent_id`, `name`, `subject`, `email`, `message`, `contact_date`, `status`, `reply_at`) VALUES
(3, NULL, 'rizky febrian', 'TEST', 'rizkyfebri05@gmail.com', 'TEST PESAN 1', '2022-12-10 20:06:49', 1, NULL),
(4, NULL, 'maulana', 'coba uyy', 'maulanx835@gmail.com', 'M1 atau IESF', '2022-12-11 22:12:59', 1, NULL),
(5, NULL, 'lupa pw', 'LUPA PW', 'irfansatria123@gmail.com', 'LUPA PW GW BROHH TOLONG INI WA GW YA', '2022-12-14 12:21:33', 1, NULL);

-- --------------------------------------------------------

--
-- Table structure for table `coupons`
--

CREATE TABLE `coupons` (
  `id` bigint(20) NOT NULL,
  `name` varchar(191) NOT NULL,
  `code` varchar(32) NOT NULL,
  `credit` decimal(8,2) NOT NULL,
  `start_date` date NOT NULL,
  `expired_date` date NOT NULL,
  `is_active` tinyint(4) DEFAULT 1
) ENGINE=InnoDB DEFAULT CHARSET=utf8mb4 COLLATE=utf8mb4_general_ci;

--
-- Dumping data for table `coupons`
--

INSERT INTO `coupons` (`id`, `name`, `code`, `credit`, `start_date`, `expired_date`, `is_active`) VALUES
(6, 'bettafish aja dah', 'betta123', '5000.00', '2022-11-20', '2022-12-31', 1);

-- --------------------------------------------------------

--
-- Table structure for table `customers`
--

CREATE TABLE `customers` (
  `id` bigint(20) NOT NULL,
  `user_id` bigint(20) UNSIGNED DEFAULT NULL,
  `name` varchar(191) NOT NULL,
  `phone_number` varchar(32) DEFAULT NULL,
  `address` varchar(191) NOT NULL,
  `profile_picture` varchar(191) DEFAULT NULL
) ENGINE=InnoDB DEFAULT CHARSET=utf8mb4 COLLATE=utf8mb4_general_ci;

--
-- Dumping data for table `customers`
--

INSERT INTO `customers` (`id`, `user_id`, `name`, `phone_number`, `address`, `profile_picture`) VALUES
(2, 2, 'maulana', '089775666662', 'jl.bekasi raya', 'evos1.png'),
(3, 3, 'irfan satria', '085155243242', 'kebalen', 'download1.jpg'),
(4, 4, 'rizky febrian', '087723102004', 'Jl Dewi sartika Bekasi Timur 19870', 'evos2.png');

-- --------------------------------------------------------

--
-- Table structure for table `orders`
--

CREATE TABLE `orders` (
  `id` bigint(20) NOT NULL,
  `user_id` bigint(20) UNSIGNED DEFAULT NULL,
  `coupon_id` bigint(20) DEFAULT NULL,
  `order_number` varchar(16) NOT NULL,
  `order_status` enum('1','2','3','4','5') DEFAULT '1',
  `order_date` datetime NOT NULL,
  `total_price` decimal(8,2) DEFAULT NULL,
  `total_items` int(10) DEFAULT NULL,
  `payment_method` int(11) DEFAULT 1,
  `delivery_data` text DEFAULT NULL,
  `delivered_date` datetime DEFAULT NULL,
  `finish_date` datetime DEFAULT NULL
) ENGINE=InnoDB DEFAULT CHARSET=utf8mb4 COLLATE=utf8mb4_general_ci;

--
-- Dumping data for table `orders`
--

INSERT INTO `orders` (`id`, `user_id`, `coupon_id`, `order_number`, `order_status`, `order_date`, `total_price`, `total_items`, `payment_method`, `delivery_data`, `delivered_date`, `finish_date`) VALUES
(18, 3, 6, 'WBO101222136348', '4', '2022-12-10 15:30:00', '395000.00', 1, 1, '{\"customer\":{\"name\":\"irfan satria\",\"phone_number\":\"085155243242\",\"address\":\"kebalen\"},\"note\":\"Jangan sampai mati, packing pakai styrofoam\"}', NULL, NULL),
(19, 4, NULL, 'IFZ10122224956', '4', '2022-12-10 20:08:21', '175000.00', 2, 1, '{\"customer\":{\"name\":\"rizky febrian\",\"phone_number\":\"087723102004\",\"address\":\"Jl Dewi sartika Bekasi Timur 19870\"},\"note\":\"test 2\"}', NULL, NULL),
(20, 4, 6, 'GSR101222146570', '3', '2022-12-10 22:44:13', '13000.00', 1, 2, '{\"customer\":{\"name\":\"rizky febrian\",\"phone_number\":\"087723102004\",\"address\":\"Jl Dewi sartika Bekasi Timur 19870\"},\"note\":\"coba 1\"}', NULL, NULL),
(21, 3, NULL, 'IYK11122213597', '3', '2022-12-11 20:42:53', '825000.00', 1, 2, '{\"customer\":{\"name\":\"irfan satria\",\"phone_number\":\"085155243242\",\"address\":\"kebalen\"},\"note\":\"test3\"}', NULL, NULL),
(22, 2, 6, 'XFG111222426251', '3', '2022-12-11 22:01:41', '160000.00', 4, 2, '{\"customer\":{\"name\":\"maulana\",\"phone_number\":\"089775666662\",\"address\":\"jl.bekasi raya\"},\"note\":\"beta test\"}', NULL, NULL);

-- --------------------------------------------------------

--
-- Table structure for table `order_items`
--

CREATE TABLE `order_items` (
  `id` bigint(20) NOT NULL,
  `order_id` bigint(20) DEFAULT NULL,
  `product_id` bigint(20) DEFAULT NULL,
  `order_qty` int(10) NOT NULL,
  `order_price` decimal(8,2) DEFAULT NULL
) ENGINE=InnoDB DEFAULT CHARSET=utf8mb4 COLLATE=utf8mb4_general_ci;

--
-- Dumping data for table `order_items`
--

INSERT INTO `order_items` (`id`, `order_id`, `product_id`, `order_qty`, `order_price`) VALUES
(1, 18, 16, 10, '40000.00'),
(32, 19, 15, 1, '55000.00'),
(33, 19, 16, 3, '40000.00'),
(34, 20, 18, 1, '10000.00'),
(35, 21, 15, 15, '55000.00'),
(36, 22, 22, 1, '70000.00'),
(37, 22, 21, 1, '25000.00'),
(38, 22, 20, 1, '20000.00'),
(39, 22, 19, 1, '50000.00');

-- --------------------------------------------------------

--
-- Table structure for table `payments`
--

CREATE TABLE `payments` (
  `id` bigint(20) NOT NULL,
  `order_id` bigint(20) DEFAULT NULL,
  `payment_price` decimal(8,2) DEFAULT NULL,
  `payment_date` datetime NOT NULL,
  `picture_name` varchar(191) DEFAULT NULL,
  `payment_status` enum('1','2','3') DEFAULT '1',
  `confirmed_date` datetime DEFAULT NULL,
  `payment_data` text DEFAULT NULL
) ENGINE=InnoDB DEFAULT CHARSET=utf8mb4 COLLATE=utf8mb4_general_ci;

--
-- Dumping data for table `payments`
--

INSERT INTO `payments` (`id`, `order_id`, `payment_price`, `payment_date`, `picture_name`, `payment_status`, `confirmed_date`, `payment_data`) VALUES
(8, 18, '395000.00', '2022-12-10 15:30:40', '3813811849.jpg', '2', NULL, '{\"transfer_to\":\"bank-jago\",\"source\":{\"bank\":\"BANK JAGO\",\"name\":\"irfan satria\",\"number\":\"3598876253\"}}'),
(9, 19, '175000.00', '2022-12-10 20:09:24', 'WhatsApp_Image_2021-11-28_at_09_18_04.jpeg', '1', NULL, '{\"transfer_to\":\"bank-bca-\",\"source\":{\"bank\":\"Bank BCA\",\"name\":\"rizky febrian\",\"number\":\"33123188999\"}}');

-- --------------------------------------------------------

--
-- Table structure for table `products`
--

CREATE TABLE `products` (
  `id` bigint(20) NOT NULL,
  `category_id` int(10) DEFAULT NULL,
  `sku` varchar(32) DEFAULT NULL,
  `name` varchar(191) NOT NULL,
  `description` varchar(191) NOT NULL,
  `picture_name` varchar(191) DEFAULT NULL,
  `price` decimal(8,2) NOT NULL,
  `current_discount` decimal(8,2) DEFAULT 0.00,
  `stock` int(10) NOT NULL,
  `product_unit` varchar(32) DEFAULT NULL,
  `is_available` tinyint(1) DEFAULT 1,
  `add_date` datetime DEFAULT NULL
) ENGINE=InnoDB DEFAULT CHARSET=utf8mb4 COLLATE=utf8mb4_general_ci;

--
-- Dumping data for table `products`
--

INSERT INTO `products` (`id`, `category_id`, `sku`, `name`, `description`, `picture_name`, `price`, `current_discount`, `stock`, `product_unit`, `is_available`, `add_date`) VALUES
(15, 2, 'CTBSCT510634', 'Crown Tailll Red', 'M1 ATAU IESF ', 'crown_tail-red.png', '70000.00', '15000.00', 10, 'ekor', 1, '2022-11-25 14:33:54'),
(16, 1, 'BRP45325', 'Blue Rim-Butterfly', '', 'blue_rim-butterfly.png', '50000.00', '10000.00', 5, 'ekor', 1, '2022-11-25 20:35:25'),
(17, 1, 'PACP450824', 'Plakat Avatar Cooper', 'p', 'plakat-avatar_cooper1.png', '45000.00', '0.00', 50, 'ekor', 1, '2022-12-10 22:23:44'),
(18, 3, 'CHM140613', 'HalfMoon MultiColor', '', 'halfmoon-multicolour1.png', '40000.00', '0.00', 40, 'ekor', 1, '2022-12-10 22:36:53'),
(19, 2, 'CTWPCT510183', 'Crown Taill White Platinum', '', 'crown_tail-white_platinum1.png', '50000.00', '0.00', 10, 'ekor', 1, '2022-12-10 22:46:23'),
(20, 1, 'PNGP220274', 'Plakat Nemo Galaxy', '', 'plakat-nemo_galaxy3.png', '20000.00', '0.00', 20, 'ekor', 1, '2022-12-10 22:47:54'),
(21, 1, 'PNCP225344', 'Plakat Nemo Classic', '', 'plakat-nemo_classic.png', '25000.00', '0.00', 25, 'ekor', 1, '2022-12-10 22:49:04'),
(22, 4, 'HDTDT710492', 'Halfmoon Double Taill', '', 'Halfmoon_Doubletaill-removebg-preview1.png', '70000.00', '0.00', 10, 'ekor', 1, '2022-12-10 22:51:32');

-- --------------------------------------------------------

--
-- Table structure for table `product_category`
--

CREATE TABLE `product_category` (
  `id` int(10) NOT NULL,
  `name` varchar(191) NOT NULL
) ENGINE=InnoDB DEFAULT CHARSET=utf8mb4 COLLATE=utf8mb4_general_ci;

--
-- Dumping data for table `product_category`
--

INSERT INTO `product_category` (`id`, `name`) VALUES
(1, 'Plakat'),
(2, 'Crown Taill'),
(3, 'Half Moon'),
(4, 'Double Taill');

-- --------------------------------------------------------

--
-- Table structure for table `reviews`
--

CREATE TABLE `reviews` (
  `id` bigint(20) NOT NULL,
  `user_id` bigint(20) UNSIGNED DEFAULT NULL,
  `order_id` bigint(20) DEFAULT NULL,
  `title` varchar(191) DEFAULT NULL,
  `review_text` mediumtext NOT NULL,
  `review_date` datetime NOT NULL,
  `status` tinyint(1) NOT NULL DEFAULT 1
) ENGINE=InnoDB DEFAULT CHARSET=utf8mb4 COLLATE=utf8mb4_general_ci;

--
-- Dumping data for table `reviews`
--

INSERT INTO `reviews` (`id`, `user_id`, `order_id`, `title`, `review_text`, `review_date`, `status`) VALUES
(4, 3, 18, 'TEST 1', 'Lorem Ipsum is simply dummy text of the printing and typesetting industry. Lorem Ipsum has been the industry\'s standard dummy text ever since the 1500s, when an unknown printer took a galley of type and scrambled it to make a type specimen book. It has survived not only five centuries, but also the leap into electronic typesetting, remaining essentially unchanged. It was popularised in the 1960s with the release of Letraset sheets containing Lorem Ipsum passages, and more recently with desktop publishing software like Aldus PageMaker including versions of Lorem Ipsum.', '2022-12-10 15:50:14', 1),
(5, 3, 21, 'test2', 'M1 Atau IESF', '2022-12-11 22:10:43', 1),
(6, 4, 20, 'test', 'test', '2022-12-11 22:11:09', 1),
(7, 4, 19, 'test', 'test', '2022-12-11 22:11:29', 1),
(8, 2, 22, 'ping', 'test!!!', '2022-12-11 22:12:41', 1);

-- --------------------------------------------------------

--
-- Table structure for table `settings`
--

CREATE TABLE `settings` (
  `id` int(10) NOT NULL,
  `key` varchar(32) NOT NULL,
  `content` text NOT NULL
) ENGINE=InnoDB DEFAULT CHARSET=utf8mb4 COLLATE=utf8mb4_general_ci;

--
-- Dumping data for table `settings`
--

INSERT INTO `settings` (`id`, `key`, `content`) VALUES
(1, 'current_theme_name', 'bettafish'),
(2, 'store_name', 'BettaFish Store'),
(3, 'store_phone_number', '085155243242'),
(4, 'store_email', 'Bettafishstore29@gmail.com'),
(5, 'store_tagline', 'Dashboard'),
(6, 'store_logo', 'Logo-betta.png'),
(7, 'max_product_image_size', '30000'),
(8, 'store_description', 'Beli ikan cupang dengan mudah dan terpercaya'),
(9, 'store_address', 'Jl. Medan Satria no 29 rt 4 rw 17'),
(10, 'min_shop_to_free_shipping_cost', '60000'),
(11, 'shipping_cost', '8000'),
(12, 'payment_banks', '{\"bank-jago\":{\"bank\":\"BANK JAGO\",\"number\":\"9908647283454\",\"name\":\"Irfan Satria Pratama\"},\"bank-bca-\":{\"bank\":\"BANK BCA \",\"number\":\"8975542109\",\"name\":\"Maulana Fikri\"},\"bank-bri\":{\"bank\":\"BANK BRI\",\"number\":\"998760234\",\"name\":\"Rizky Febrian\"}}');

-- --------------------------------------------------------

--
-- Table structure for table `users`
--

CREATE TABLE `users` (
  `id` bigint(20) UNSIGNED NOT NULL,
  `name` varchar(50) DEFAULT NULL,
  `email` varchar(191) NOT NULL,
  `email_verified_at` timestamp NULL DEFAULT NULL,
  `username` varchar(16) NOT NULL,
  `password` varchar(191) NOT NULL,
  `profile_picture` varchar(128) DEFAULT NULL,
  `role` varchar(32) DEFAULT '0' COMMENT '1 = admin, 2 = customer',
  `register_date` datetime DEFAULT NULL
) ENGINE=InnoDB DEFAULT CHARSET=utf8mb4 COLLATE=utf8mb4_unicode_ci;

--
-- Dumping data for table `users`
--

INSERT INTO `users` (`id`, `name`, `email`, `email_verified_at`, `username`, `password`, `profile_picture`, `role`, `register_date`) VALUES
(1, 'Admin BettaFish Store', 'admin@gmail.com', NULL, 'admin', '$2y$10$5AIuwtEdzFKjxVwKsV33BuG8zORMtPUsZsN4Nilwkr4P8nkBTK35.', 'plakat-dot-dot_line_blue_rim.jpg', 'admin', NULL),
(2, NULL, 'maulanx835@gmail.com', NULL, 'maulanafikri', '$2y$10$fjq.lYqTdBNQmj6Cgoe8n.CqNAFfrG.iMm9nVztOKZfVU94VgCyHS', NULL, 'customer', '2022-11-20 21:30:23'),
(3, NULL, 'irfansatria567@gmail.com', NULL, 'irfan', '$2y$10$.0QXWoHZ5RnsBwHnvANXpuGtfJNXCe8nAYAzFTjfJs.SmWq4CSXaq', NULL, 'customer', '2022-11-25 16:41:09'),
(4, NULL, 'rizkyfebri05@gmail.com', NULL, 'febri', '$2y$10$R2JC4a3AYneLSJo70s4oLeCyWRkeIKDDIG3AANK3cRnbchj/MtjHq', NULL, 'customer', '2022-12-10 15:51:42');

--
-- Indexes for dumped tables
--

--
-- Indexes for table `ci_sessions`
--
ALTER TABLE `ci_sessions`
  ADD KEY `ci_sessions_timestamp` (`timestamp`);

--
-- Indexes for table `contacts`
--
ALTER TABLE `contacts`
  ADD PRIMARY KEY (`id`),
  ADD KEY `FK_contacts_contacts` (`parent_id`);

--
-- Indexes for table `coupons`
--
ALTER TABLE `coupons`
  ADD PRIMARY KEY (`id`);

--
-- Indexes for table `customers`
--
ALTER TABLE `customers`
  ADD PRIMARY KEY (`id`),
  ADD KEY `FK_customers_users` (`user_id`);

--
-- Indexes for table `orders`
--
ALTER TABLE `orders`
  ADD PRIMARY KEY (`id`),
  ADD KEY `FK_orders_users` (`user_id`),
  ADD KEY `FK_orders_coupons` (`coupon_id`);

--
-- Indexes for table `order_items`
--
ALTER TABLE `order_items`
  ADD PRIMARY KEY (`id`),
  ADD KEY `order_id` (`order_id`),
  ADD KEY `product_id` (`product_id`);

--
-- Indexes for table `payments`
--
ALTER TABLE `payments`
  ADD PRIMARY KEY (`id`),
  ADD KEY `order_id` (`order_id`);

--
-- Indexes for table `products`
--
ALTER TABLE `products`
  ADD PRIMARY KEY (`id`),
  ADD KEY `FK_products_product_category` (`category_id`);

--
-- Indexes for table `product_category`
--
ALTER TABLE `product_category`
  ADD PRIMARY KEY (`id`);

--
-- Indexes for table `reviews`
--
ALTER TABLE `reviews`
  ADD PRIMARY KEY (`id`),
  ADD KEY `FK_reviews_users` (`user_id`),
  ADD KEY `FK_reviews_orders` (`order_id`);

--
-- Indexes for table `settings`
--
ALTER TABLE `settings`
  ADD PRIMARY KEY (`id`) USING BTREE;

--
-- Indexes for table `users`
--
ALTER TABLE `users`
  ADD PRIMARY KEY (`id`) USING BTREE,
  ADD UNIQUE KEY `users_email_unique` (`email`) USING BTREE;

--
-- AUTO_INCREMENT for dumped tables
--

--
-- AUTO_INCREMENT for table `contacts`
--
ALTER TABLE `contacts`
  MODIFY `id` int(10) NOT NULL AUTO_INCREMENT, AUTO_INCREMENT=6;

--
-- AUTO_INCREMENT for table `coupons`
--
ALTER TABLE `coupons`
  MODIFY `id` bigint(20) NOT NULL AUTO_INCREMENT, AUTO_INCREMENT=7;

--
-- AUTO_INCREMENT for table `customers`
--
ALTER TABLE `customers`
  MODIFY `id` bigint(20) NOT NULL AUTO_INCREMENT, AUTO_INCREMENT=11;

--
-- AUTO_INCREMENT for table `orders`
--
ALTER TABLE `orders`
  MODIFY `id` bigint(20) NOT NULL AUTO_INCREMENT, AUTO_INCREMENT=23;

--
-- AUTO_INCREMENT for table `order_items`
--
ALTER TABLE `order_items`
  MODIFY `id` bigint(20) NOT NULL AUTO_INCREMENT, AUTO_INCREMENT=40;

--
-- AUTO_INCREMENT for table `payments`
--
ALTER TABLE `payments`
  MODIFY `id` bigint(20) NOT NULL AUTO_INCREMENT, AUTO_INCREMENT=10;

--
-- AUTO_INCREMENT for table `products`
--
ALTER TABLE `products`
  MODIFY `id` bigint(20) NOT NULL AUTO_INCREMENT, AUTO_INCREMENT=24;

--
-- AUTO_INCREMENT for table `product_category`
--
ALTER TABLE `product_category`
  MODIFY `id` int(10) NOT NULL AUTO_INCREMENT, AUTO_INCREMENT=5;

--
-- AUTO_INCREMENT for table `reviews`
--
ALTER TABLE `reviews`
  MODIFY `id` bigint(20) NOT NULL AUTO_INCREMENT, AUTO_INCREMENT=9;

--
-- AUTO_INCREMENT for table `settings`
--
ALTER TABLE `settings`
  MODIFY `id` int(10) NOT NULL AUTO_INCREMENT, AUTO_INCREMENT=13;

--
-- AUTO_INCREMENT for table `users`
--
ALTER TABLE `users`
  MODIFY `id` bigint(20) UNSIGNED NOT NULL AUTO_INCREMENT, AUTO_INCREMENT=12;

--
-- Constraints for dumped tables
--

--
-- Constraints for table `contacts`
--
ALTER TABLE `contacts`
  ADD CONSTRAINT `FK_contacts_contacts` FOREIGN KEY (`parent_id`) REFERENCES `contacts` (`id`) ON DELETE CASCADE ON UPDATE NO ACTION;

--
-- Constraints for table `customers`
--
ALTER TABLE `customers`
  ADD CONSTRAINT `FK_customers_users` FOREIGN KEY (`user_id`) REFERENCES `users` (`id`) ON DELETE NO ACTION ON UPDATE CASCADE;

--
-- Constraints for table `orders`
--
ALTER TABLE `orders`
  ADD CONSTRAINT `FK_orders_coupons` FOREIGN KEY (`coupon_id`) REFERENCES `coupons` (`id`) ON DELETE SET NULL ON UPDATE CASCADE,
  ADD CONSTRAINT `FK_orders_users` FOREIGN KEY (`user_id`) REFERENCES `users` (`id`) ON DELETE NO ACTION ON UPDATE CASCADE;

--
-- Constraints for table `order_items`
--
ALTER TABLE `order_items`
  ADD CONSTRAINT `order_items_ibfk_1` FOREIGN KEY (`order_id`) REFERENCES `orders` (`id`) ON DELETE CASCADE ON UPDATE NO ACTION,
  ADD CONSTRAINT `order_items_ibfk_2` FOREIGN KEY (`product_id`) REFERENCES `products` (`id`) ON DELETE CASCADE ON UPDATE NO ACTION;
COMMIT;

/*!40101 SET CHARACTER_SET_CLIENT=@OLD_CHARACTER_SET_CLIENT */;
/*!40101 SET CHARACTER_SET_RESULTS=@OLD_CHARACTER_SET_RESULTS */;
/*!40101 SET COLLATION_CONNECTION=@OLD_COLLATION_CONNECTION */;
